Scenario,AdvObject,Behavior Description,Behavior Snippet,Geometry Description,Geometry Snippet,Spawn Description,Spawn Snippet,Success
the other vehicle suddenly merges in front of the ego vehicle,Car,The adversarial car suddenly merges in front of the ego vehicle.,"behavior AdvBehavior():
    do FollowLaneBehavior(target_speed=globalParameters.OPT_ADV_SPEED) until (
        distance to self < globalParameters.OPT_ADV_DISTANCE and
        len(network.laneSectionAt(self).adjacentLanes) != 0 )
    # Identify the lane to switch into
    weaveLaneSec = network.laneSectionAt(self).adjacentLanes[0]
    # Execute the lane change
    do LaneChangeBehavior(laneSectionToSwitch=weaveLaneSec, target_speed=globalParameters.OPT_ADV_SPEED)

param OPT_ADV_SPEED = Range(5, 10)
param OPT_ADV_DISTANCE = Range(0, 20)",A straight road.,"intersection = Uniform(*filter(lambda i: i.is4Way and not i.isSignalized, network.intersections))
egoInitLane = Uniform(*intersection.incomingLanes)
egoManeuver = Uniform(*filter(lambda m: m.type is ManeuverType.STRAIGHT, egoInitLane.maneuvers))
egoTrajectory = [egoInitLane, egoManeuver.connectingLane, egoManeuver.endLane]
egoSpawnPt = OrientedPoint in egoManeuver.startLane.centerline

# Setting up the ego vehicle at the initial position
ego = Car at egoSpawnPt,
    with regionContainedIn None,
    with blueprint EGO_MODEL

require 10 <= (distance to intersection) <= 40",The adversarial car approaches from an adjacent lane and merges directly in front of the ego vehicle.,"# Parameters for scenario elements
param OPT_GEO_BLOCKER_Y_DISTANCE = Range(0, 40)
param OPT_GEO_X_DISTANCE = Range(-8, 0)  # Offset for the agent in the opposite lane
param OPT_GEO_Y_DISTANCE = Range(10, 30)

# Setting up the parked car that blocks the ego's path
laneSec = network.laneSectionAt(ego)  # Assuming network.laneSectionAt(ego) is predefined in the geometry part
IntSpawnPt = OrientedPoint following roadDirection from egoSpawnPt for globalParameters.OPT_GEO_BLOCKER_Y_DISTANCE
Blocker = Car at IntSpawnPt,
    with heading IntSpawnPt.heading,
    with regionContainedIn None

# Setup for the motorcyclist who unexpectedly enters the scene
SHIFT = globalParameters.OPT_GEO_X_DISTANCE @ globalParameters.OPT_GEO_Y_DISTANCE
AdvAgent = {AdvObject} at Blocker offset along IntSpawnPt.heading by SHIFT,
    with heading IntSpawnPt.heading + 180 deg,  # The agent is facing the opposite direction, indicating oncoming
    with regionContainedIn laneSec._laneToLeft,  # Positioned in the left lane, assuming it's the oncoming traffic lane
    with behavior AdvBehavior()",1
the other vehicle suddenly exits the lane of the ego vehicle,Car,The adversarial car suddenly exits the lane of the ego vehicle.,"behavior AdvBehavior():
    while (distance to self) > 60:
        wait  # The adversarial vehicle maintains its course until it closes in on a specified proximity.
    do FollowLaneBehavior(target_speed=globalParameters.OPT_ADV_SPEED) until (distance to self) < globalParameters.OPT_ADV_DISTANCE
    # Once within a certain distance, the adversarial vehicle executes a lane change.
    do LaneChangeBehavior(laneSectionToSwitch=network.laneSectionAt(ego), target_speed=globalParameters.OPT_ADV_SPEED)

param OPT_ADV_SPEED = Range(0, 20)  # Controls the speed of the adversarial vehicle.
param OPT_ADV_DISTANCE = Range(10, 30)  # The distance at which the adversarial vehicle starts its lane change maneuver.",A straight road.,"intersection = Uniform(*filter(lambda i: i.is4Way and not i.isSignalized, network.intersections))
egoInitLane = Uniform(*intersection.incomingLanes)
egoManeuver = Uniform(*filter(lambda m: m.type is ManeuverType.STRAIGHT, egoInitLane.maneuvers))
egoTrajectory = [egoInitLane, egoManeuver.connectingLane, egoManeuver.endLane]
egoSpawnPt = OrientedPoint in egoManeuver.startLane.centerline

# Setting up the ego vehicle at the initial position
ego = Car at egoSpawnPt,
    with regionContainedIn None,
    with blueprint EGO_MODEL

require 10 <= (distance to intersection) <= 40",The adversarial car is initially in the same lane as the ego vehicle.,"# Setup the leading vehicle's spawn point directly in front of the ego to simulate a slow-moving vehicle
param OPT_LEADING_DISTANCE = Range(0, 30)
param OPT_LEADING_SPEED = Range(1, 5)
LeadingSpawnPt = OrientedPoint following roadDirection from egoSpawnPt for globalParameters.OPT_LEADING_DISTANCE
LeadingAgent = Car at LeadingSpawnPt,
    with behavior FollowLaneBehavior(target_speed=globalParameters.OPT_LEADING_SPEED)

# Identifying the adjacent lane for the Adversarial Agent and setting its spawn point further in front
param OPT_GEO_Y_DISTANCE = Range(0, 30)
advLane = network.laneSectionAt(ego)._laneToRight.lane
IntSpawnPt = OrientedPoint following roadDirection from egoSpawnPt for globalParameters.OPT_GEO_Y_DISTANCE
projectPt = Vector(*advLane.centerline.project(IntSpawnPt.position).coords[0])
advHeading = advLane.orientation[projectPt]

# Spawn the Adversarial Agent
AdvAgent = {AdvObject} at projectPt,
    with heading advHeading,
    with regionContainedIn None,
    with behavior AdvBehavior()",1
the other vehicle suddenly decelerates in front of the ego vehicle,Car,The adversarial car suddenly decelerates in front of the ego vehicle.,"behavior AdvBehavior():
    while (distance to self) > 60:
        wait  # The adversarial car waits until it is within 60 meters of the ego vehicle.

    do FollowLaneBehavior(globalParameters.OPT_ADV_SPEED) until (
        distance to self < globalParameters.OPT_ADV_DISTANCE)

    while True:
        take SetThrottleAction(globalParameters.OPT_ADV_THROTTLE)  # Aggressively adjusts acceleration.
        
        # Wait for a dynamically determined duration
        for _ in range(globalParameters.OPT_WAIT_THROTTLE):
            wait

        take SetBrakeAction(globalParameters.OPT_ADV_BREAK)  # Aggressively adjusts braking.

        # Wait for a dynamically determined duration
        for _ in range(globalParameters.OPT_WAIT_BRAKE):
            wait

param OPT_ADV_SPEED = Range(0, 20)  # Controls the initial speed of the adversarial car.
param OPT_ADV_DISTANCE = Range(0, 20)  # Specifies the distance at which the car begins its aggressive maneuver.
param OPT_ADV_THROTTLE = Range(0, 1)  # Aggressive throttle range.
param OPT_ADV_BREAK = Range(0, 1)  # Determines the intensity of the braking.
param OPT_WAIT_THROTTLE = Range(5, 20)  # Variable wait time between throttle changes.
param OPT_WAIT_BRAKE = Range(5, 20)  # Variable wait time between brake applications.",A straight road.,"intersection = Uniform(*filter(lambda i: i.is4Way and not i.isSignalized, network.intersections))
egoInitLane = Uniform(*intersection.incomingLanes)
egoManeuver = Uniform(*filter(lambda m: m.type is ManeuverType.STRAIGHT, egoInitLane.maneuvers))
egoTrajectory = [egoInitLane, egoManeuver.connectingLane, egoManeuver.endLane]
egoSpawnPt = OrientedPoint in egoManeuver.startLane.centerline

# Setting up the ego vehicle at the initial position
ego = Car at egoSpawnPt,
    with regionContainedIn None,
    with blueprint EGO_MODEL

require 10 <= (distance to intersection) <= 40","The adversarial car is directly in front of the ego vehicle on the same straight road, heading in the same direction.","param OPT_GEO_Y_DISTANCE = Range(10, 30)  # Frontal distance range

FrontSpawnPtOpp = OrientedPoint following roadDirection from egoSpawnPt for globalParameters.OPT_GEO_Y_DISTANCE
AdvAgent = {AdvObject} at FrontSpawnPtOpp,
    with heading FrontSpawnPtOpp.heading + 180 deg,  # Opposite direction to the car
    with regionContainedIn None,
    with behavior AdvBehavior()",1
the vehicle must maintain a stable position and remain within its ego lane across various speeds and curvatures while navigating scenarios where an adjacent vehicle drives close beside it and a leading passenger car or motorcycle swerves within the lane for a while,Car or Motorcycle,The adversarial car or motorcycle swerves within its lane for a while.,"behavior AdvBehavior():
    while True:
        # Follow the lane at the set speed until a certain proximity condition is met
        do FollowLaneBehavior(target_speed=globalParameters.OPT_ADV_SPEED) until distance to some_target < globalParameters.OPT_ADV_DISTANCE  # This condition should refer to a valid object or marker.
        
        # Perform two quick lane changes with a 1-second wait in between
        for _ in range(2):
            if len(network.laneSectionAt(self).adjacentLanes) > 0:
                targetLaneSec = network.laneSectionAt(self).adjacentLanes[0]
                do LaneChangeBehavior(laneSectionToSwitch=targetLaneSec, target_speed=globalParameters.OPT_ADV_SPEED)
                
            # Wait for a fixed interval of 1 second before potentially changing the lane again
            for _ in range(globalParameters.OPT_WAIT_STEPS):
                wait

param OPT_ADV_SPEED = Range(5, 15)  # Range of speeds for lane following
param OPT_ADV_DISTANCE = Range(0, 20)  # Distance threshold for lane change trigger
param OPT_WAIT_STEPS = Range(0, 20)","The ego vehicle is on a road with varying speeds and curvatures, maintaining its position within its lane.","# Identifying lane sections with a right lane moving in the same forward direction
laneSecsWithRightLane = []
for lane in network.lanes:
    for laneSec in lane.sections:
        if laneSec._laneToRight is not None and laneSec._laneToRight.isForward == laneSec.isForward:
            laneSecsWithRightLane.append(laneSec)

# Selecting a random lane section from identified sections for the ego vehicle
egoLaneSec = Uniform(*laneSecsWithRightLane)
egoSpawnPt = OrientedPoint in egoLaneSec.centerline

# Ego vehicle setup
ego = Car at egoSpawnPt,
    with regionContainedIn None,
    with blueprint EGO_MODEL","The adversarial car or motorcycle is directly ahead of the ego vehicle in the same lane, while an adjacent vehicle drives close beside the ego vehicle.","# Setup the leading vehicle's spawn point directly in front of the ego to simulate a slow-moving vehicle
param OPT_LEADING_DISTANCE = Range(0, 30)
param OPT_LEADING_SPEED = Range(1, 5)
LeadingSpawnPt = OrientedPoint following roadDirection from egoSpawnPt for globalParameters.OPT_LEADING_DISTANCE
LeadingAgent = Car at LeadingSpawnPt,
    with behavior FollowLaneBehavior(target_speed=globalParameters.OPT_LEADING_SPEED)

# Identifying the adjacent lane for the Adversarial Agent and setting its spawn point further in front
param OPT_GEO_Y_DISTANCE = Range(0, 30)
advLane = network.laneSectionAt(ego)._laneToRight.lane
IntSpawnPt = OrientedPoint following roadDirection from egoSpawnPt for globalParameters.OPT_GEO_Y_DISTANCE
projectPt = Vector(*advLane.centerline.project(IntSpawnPt.position).coords[0])
advHeading = advLane.orientation[projectPt]

# Spawn the Adversarial Agent
AdvAgent = {AdvObject} at projectPt,
    with heading advHeading,
    with regionContainedIn None,
    with behavior AdvBehavior()",1
"the ego vehicle encounters a stationary powered two-wheeler positioned directly in the center of the lane when ego vehicle is navigating a highway curve, then ego should detect the object despite the lateral offset of the curve and execute an emergency braking maneuver to avoid a collision",Motorcycle,The adversarial motorcycle is stationary in the center of the lane.,"behavior AdvBehavior():
    while (distance to self) > 60:
        wait
    do FollowLaneBehavior(globalParameters.OPT_ADV_SPEED)

param OPT_ADV_SPEED = Range(0, 10)  # This parameter controls the motorcyclist's speed, influencing the urgency and danger of the maneuver.",The ego vehicle is navigating a highway curve.,"# Identifying lane sections with a right lane moving in the same forward direction
laneSecsWithRightLane = []
for lane in network.lanes:
    for laneSec in lane.sections:
        if laneSec._laneToRight is not None and laneSec._laneToRight.isForward == laneSec.isForward:
            laneSecsWithRightLane.append(laneSec)

# Selecting a random lane section from identified sections for the ego vehicle
egoLaneSec = Uniform(*laneSecsWithRightLane)
egoSpawnPt = OrientedPoint in egoLaneSec.centerline

# Ego vehicle setup
ego = Car at egoSpawnPt,
    with regionContainedIn None,
    with blueprint EGO_MODEL",The adversarial motorcycle is positioned directly in the center of the lane ahead of the ego vehicle on the curved highway.,"# Setup the leading vehicle's spawn point directly in front of the ego to simulate a slow-moving vehicle
param OPT_LEADING_DISTANCE = Range(0, 30)
param OPT_LEADING_SPEED = Range(1, 5)
LeadingSpawnPt = OrientedPoint following roadDirection from egoSpawnPt for globalParameters.OPT_LEADING_DISTANCE
LeadingAgent = Car at LeadingSpawnPt,
    with behavior FollowLaneBehavior(target_speed=globalParameters.OPT_LEADING_SPEED)

# Identifying the adjacent lane for the Adversarial Agent and setting its spawn point further in front
param OPT_GEO_Y_DISTANCE = Range(0, 30)
advLane = network.laneSectionAt(ego)._laneToRight.lane
IntSpawnPt = OrientedPoint following roadDirection from egoSpawnPt for globalParameters.OPT_GEO_Y_DISTANCE
projectPt = Vector(*advLane.centerline.project(IntSpawnPt.position).coords[0])
advHeading = advLane.orientation[projectPt]

# Spawn the Adversarial Agent
AdvAgent = {AdvObject} at projectPt,
    with heading advHeading,
    with regionContainedIn None,
    with behavior AdvBehavior()",1
"The ego vehicle is traveling in a straight lane when a pedestrian target emerges from the roadside and begins crossing the lane at a constant speed of 5 km/h, forcing the system to calculate a predicted path and decelerate sufficiently to prevent contact",Pedestrian,The adversarial pedestrian emerges from the roadside and begins crossing the lane at a constant speed of 5 km/h.,"behavior AdvBehavior():
    do CrossingBehavior(ego, globalParameters.OPT_ADV_SPEED, globalParameters.OPT_ADV_DISTANCE)

param OPT_ADV_SPEED = Range(1, 5)  # Define the speed range for the adversarial pedestrian
param OPT_ADV_DISTANCE = Range(0, 15)  # Define the proximity threshold to trigger the crossing behavior",A straight road.,"intersection = Uniform(*filter(lambda i: i.is4Way and not i.isSignalized, network.intersections))
egoInitLane = Uniform(*intersection.incomingLanes)
egoManeuver = Uniform(*filter(lambda m: m.type is ManeuverType.STRAIGHT, egoInitLane.maneuvers))
egoTrajectory = [egoInitLane, egoManeuver.connectingLane, egoManeuver.endLane]
egoSpawnPt = OrientedPoint in egoManeuver.startLane.centerline

# Setting up the ego vehicle at the initial position
ego = Car at egoSpawnPt,
    with regionContainedIn None,
    with blueprint EGO_MODEL

require 10 <= (distance to intersection) <= 40","The adversarial pedestrian emerges from the roadside, crossing the lane in front of the ego vehicle.","# Parameters for scenario elements
param OPT_GEO_BLOCKER_Y_DISTANCE = Range(0, 40)
param OPT_GEO_X_DISTANCE = Range(-2, 2)
param OPT_GEO_Y_DISTANCE = Range(2, 6)

# Setup for the blocking car that the ego must bypass
laneSec = network.laneSectionAt(ego)
IntSpawnPt = OrientedPoint following roadDirection from egoSpawnPt for globalParameters.OPT_GEO_BLOCKER_Y_DISTANCE
Blocker = Car at IntSpawnPt,
    with heading IntSpawnPt.heading,
    with regionContainedIn None

# Setup for the pedestrian who suddenly appears and complicates the maneuver
SHIFT = globalParameters.OPT_GEO_X_DISTANCE @ globalParameters.OPT_GEO_Y_DISTANCE
AdvAgent = {AdvObject} at Blocker offset along IntSpawnPt.heading by SHIFT,
    with heading IntSpawnPt.heading + 90 deg,  # Perpendicular to the road, crossing the street
    with regionContainedIn None,
    with behavior AdvBehavior()",1
"The ego vehicle approaches a section of the road where a motorcycle and a passenger car are stopped sequentially within the same lane, the eg should matain a safe stop",Motorcycle and Car,The adversarial motorcycle and car are stopped sequentially within the same lane.,"behavior AdvBehavior():
    # Follow the lane at the speed defined by OPT_ADV_SPEED until a condition is met
    do FollowLaneBehavior(target_speed=globalParameters.OPT_ADV_SPEED) until (
        distance to some_target < globalParameters.OPT_ADV_DISTANCE)
    
    # Perform a lane change to an adjacent lane
    targetLaneSec = network.laneSectionAt(self).adjacentLanes[0]
    do LaneChangeBehavior(laneSectionToSwitch=targetLaneSec, target_speed=globalParameters.OPT_ADV_SPEED)

    # Wait for a number of steps directly specified by OPT_WAIT_STEPS
    for _ in range(globalParameters.OPT_WAIT_STEPS):
        wait

    # Stop the vehicle after waiting
    do SetSpeedAction(0)

param OPT_ADV_SPEED = Range(5, 10)  # Speed range for the vehicle
param OPT_ADV_DISTANCE = Range(0, 20)  # Distance threshold for stopping the follow behavior
param OPT_WAIT_STEPS = Range(0, 20)  # Directly used range for wait steps before stopping",A section of the road where the ego vehicle is approaching.,"# Identifying lane sections with both left and right lanes moving in the same forward direction
laneSecsWithBothSides = []
for lane in network.lanes:
    for laneSec in lane.sections:
        if (laneSec._laneToLeft is not None and laneSec._laneToLeft.isForward == laneSec.isForward) and 
           (laneSec._laneToRight is not None and laneSec._laneToRight.isForward == laneSec.isForward):
            laneSecsWithBothSides.append(laneSec)

# Selecting a random lane section from identified sections for the ego vehicle
egoLaneSec = Uniform(*laneSecsWithBothSides)
egoSpawnPt = OrientedPoint in egoLaneSec.centerline

# Ego vehicle setup
ego = Car at egoSpawnPt,
    with regionContainedIn None,
    with blueprint EGO_MODEL","The adversarial motorcycle is directly in front of the ego vehicle, followed by the adversarial car in the same lane.","# Setup the leading vehicle's spawn point directly in front of the ego to simulate a slow-moving vehicle
param OPT_LEADING_DISTANCE = Range(0, 30)
param OPT_LEADING_SPEED = Range(1, 5)
LeadingSpawnPt = OrientedPoint following roadDirection from egoSpawnPt for globalParameters.OPT_LEADING_DISTANCE
LeadingAgent = Car at LeadingSpawnPt,
    with behavior FollowLaneBehavior(target_speed=globalParameters.OPT_LEADING_SPEED)

# Identifying the adjacent lane for the Adversarial Agent and setting its spawn point further in front
param OPT_GEO_Y_DISTANCE = Range(0, 30)
advLane = network.laneSectionAt(ego)._laneToRight.lane
IntSpawnPt = OrientedPoint following roadDirection from egoSpawnPt for globalParameters.OPT_GEO_Y_DISTANCE
projectPt = Vector(*advLane.centerline.project(IntSpawnPt.position).coords[0])
advHeading = advLane.orientation[projectPt]

# Spawn the Adversarial Agent
AdvAgent = {AdvObject} at projectPt,
    with heading advHeading,
    with regionContainedIn None,
    with behavior AdvBehavior()",1
The ego travels on a stright highway section behind a passenger car that suddenly performs a high-intensity emergency braking maneuver until it reaches a complete stop. The ego vehicle should maintain a safe distance and avoid a collision with the stopped vehicle.,Car,The adversarial car suddenly performs a high-intensity emergency braking maneuver until it reaches a complete stop.,"param OPT_ADV_SPEED = Range(5, 10)
param OPT_ADV_DISTANCE = Range(0, 20)
param OPT_BRAKE = Range(0, 1)
param OPT_PAUSE_DURATION = Range(10, 30)
param OPT_THROTTLE = Range(0.5, 1)  # Throttle intensity for acceleration

behavior AdvBehavior():
    do FollowLaneBehavior(target_speed=globalParameters.OPT_ADV_SPEED) until (distance to self) < globalParameters.OPT_ADV_DISTANCE
    while True:
        take SetBrakeAction(globalParameters.OPT_BRAKE)
        for _ in range(globalParameters.OPT_PAUSE_DURATION):
            wait
        take SetThrottleAction(globalParameters.OPT_THROTTLE)",A straight highway section.,"intersection = Uniform(*filter(lambda i: i.is4Way and not i.isSignalized, network.intersections))
egoInitLane = Uniform(*intersection.incomingLanes)
egoManeuver = Uniform(*filter(lambda m: m.type is ManeuverType.STRAIGHT, egoInitLane.maneuvers))
egoTrajectory = [egoInitLane, egoManeuver.connectingLane, egoManeuver.endLane]
egoSpawnPt = OrientedPoint in egoManeuver.startLane.centerline

# Setting up the ego vehicle at the initial position
ego = Car at egoSpawnPt,
    with regionContainedIn None,
    with blueprint EGO_MODEL

require 10 <= (distance to intersection) <= 40","The adversarial car is directly in front of the ego vehicle on the same straight highway, heading in the same direction.","param OPT_GEO_Y_DISTANCE = Range(10, 30)  # Frontal distance range

FrontSpawnPtOpp = OrientedPoint following roadDirection from egoSpawnPt for globalParameters.OPT_GEO_Y_DISTANCE
AdvAgent = {AdvObject} at FrontSpawnPtOpp,
    with heading FrontSpawnPtOpp.heading + 180 deg,  # Opposite direction to the car
    with regionContainedIn None,
    with behavior AdvBehavior()",1
"The ego vehicle follows a lead vehicle at a constant speed in a straight lane until the lead vehicle performs a sudden lateral evasive maneuver to change lanes, abruptly revealing a stationary passenger car centered in the original path and requiring the ego vehicle to detect the obstacle and perform emergency braking to avoid a collision",Car,"The adversarial lead vehicle performs a sudden lateral evasive maneuver to change lanes, revealing a stationary car.","behavior AdvBehavior():
    while (distance to self) > 60:
        wait  # The adversarial vehicle maintains its course until it closes in on a specified proximity.
    do FollowLaneBehavior(target_speed=globalParameters.OPT_ADV_SPEED) until (distance to self) < globalParameters.OPT_ADV_DISTANCE
    # Once within a certain distance, the adversarial vehicle executes a lane change.
    do LaneChangeBehavior(laneSectionToSwitch=network.laneSectionAt(ego), target_speed=globalParameters.OPT_ADV_SPEED)

param OPT_ADV_SPEED = Range(0, 20)  # Controls the speed of the adversarial vehicle.
param OPT_ADV_DISTANCE = Range(10, 30)  # The distance at which the adversarial vehicle starts its lane change maneuver.",A straight road.,"intersection = Uniform(*filter(lambda i: i.is4Way and not i.isSignalized, network.intersections))
egoInitLane = Uniform(*intersection.incomingLanes)
egoManeuver = Uniform(*filter(lambda m: m.type is ManeuverType.STRAIGHT, egoInitLane.maneuvers))
egoTrajectory = [egoInitLane, egoManeuver.connectingLane, egoManeuver.endLane]
egoSpawnPt = OrientedPoint in egoManeuver.startLane.centerline

# Setting up the ego vehicle at the initial position
ego = Car at egoSpawnPt,
    with regionContainedIn None,
    with blueprint EGO_MODEL

require 10 <= (distance to intersection) <= 40","The adversarial lead vehicle is directly in front of the ego vehicle in the same lane, with the stationary car hidden behind it.","# Setup the leading vehicle's spawn point directly in front of the ego to simulate a slow-moving vehicle
param OPT_LEADING_DISTANCE = Range(0, 30)
param OPT_LEADING_SPEED = Range(1, 5)
LeadingSpawnPt = OrientedPoint following roadDirection from egoSpawnPt for globalParameters.OPT_LEADING_DISTANCE
LeadingAgent = Car at LeadingSpawnPt,
    with behavior FollowLaneBehavior(target_speed=globalParameters.OPT_LEADING_SPEED)

# Identifying the adjacent lane for the Adversarial Agent and setting its spawn point further in front
param OPT_GEO_Y_DISTANCE = Range(0, 30)
advLane = network.laneSectionAt(ego)._laneToRight.lane
IntSpawnPt = OrientedPoint following roadDirection from egoSpawnPt for globalParameters.OPT_GEO_Y_DISTANCE
projectPt = Vector(*advLane.centerline.project(IntSpawnPt.position).coords[0])
advHeading = advLane.orientation[projectPt]

# Spawn the Adversarial Agent
AdvAgent = {AdvObject} at projectPt,
    with heading advHeading,
    with regionContainedIn None,
    with behavior AdvBehavior()",1
"The ego vehicle travels at a constant speed while a passenger car or motorcycle in the adjacent lane executes a cut-in maneuver with varying lateral velocities and longitudinal accelerations, forcing the ego vehicle aviod the collision through braking or deceleration",Car or Motorcycle,"The adversarial vehicle executes a cut-in maneuver with varying lateral velocities and longitudinal accelerations, forcing the ego vehicle to avoid a collision through braking or deceleration.","behavior AdvBehavior():
    while (distance to self) > 60:
        wait  # The adversarial car waits until it is within 60 meters of the ego vehicle.

    do FollowLaneBehavior(globalParameters.OPT_ADV_SPEED) until (
        distance to self < globalParameters.OPT_ADV_DISTANCE)

    while True:
        take SetThrottleAction(globalParameters.OPT_ADV_THROTTLE)  # Aggressively adjusts acceleration.
        
        # Wait for a dynamically determined duration
        for _ in range(globalParameters.OPT_WAIT_THROTTLE):
            wait

        take SetBrakeAction(globalParameters.OPT_ADV_BREAK)  # Aggressively adjusts braking.

        # Wait for a dynamically determined duration
        for _ in range(globalParameters.OPT_WAIT_BRAKE):
            wait

param OPT_ADV_SPEED = Range(0, 20)  # Controls the initial speed of the adversarial car.
param OPT_ADV_DISTANCE = Range(0, 20)  # Specifies the distance at which the car begins its aggressive maneuver.
param OPT_ADV_THROTTLE = Range(0, 1)  # Aggressive throttle range.
param OPT_ADV_BREAK = Range(0, 1)  # Determines the intensity of the braking.
param OPT_WAIT_THROTTLE = Range(5, 20)  # Variable wait time between throttle changes.
param OPT_WAIT_BRAKE = Range(5, 20)  # Variable wait time between brake applications.",A straight road with adjacent lanes.,"# Identifying lane sections with a right lane moving in the same forward direction
laneSecsWithRightLane = []
for lane in network.lanes:
    for laneSec in lane.sections:
        if laneSec._laneToRight is not None and laneSec._laneToRight.isForward == laneSec.isForward:
            laneSecsWithRightLane.append(laneSec)

# Selecting a random lane section from identified sections for the ego vehicle
egoLaneSec = Uniform(*laneSecsWithRightLane)
egoSpawnPt = OrientedPoint in egoLaneSec.centerline

# Ego vehicle setup
ego = Car at egoSpawnPt,
    with regionContainedIn None,
    with blueprint EGO_MODEL",The adversarial vehicle is in the adjacent lane to the ego vehicle.,"# Parameters for scenario elements
param OPT_GEO_BLOCKER_Y_DISTANCE = Range(0, 40)
param OPT_GEO_X_DISTANCE = Range(-8, 0)  # Offset for the agent in the opposite lane
param OPT_GEO_Y_DISTANCE = Range(10, 30)

# Setting up the parked car that blocks the ego's path
laneSec = network.laneSectionAt(ego)  # Assuming network.laneSectionAt(ego) is predefined in the geometry part
IntSpawnPt = OrientedPoint following roadDirection from egoSpawnPt for globalParameters.OPT_GEO_BLOCKER_Y_DISTANCE
Blocker = Car at IntSpawnPt,
    with heading IntSpawnPt.heading,
    with regionContainedIn None

# Setup for the motorcyclist who unexpectedly enters the scene
SHIFT = globalParameters.OPT_GEO_X_DISTANCE @ globalParameters.OPT_GEO_Y_DISTANCE
AdvAgent = {AdvObject} at Blocker offset along IntSpawnPt.heading by SHIFT,
    with heading IntSpawnPt.heading + 180 deg,  # The agent is facing the opposite direction, indicating oncoming
    with regionContainedIn laneSec._laneToLeft,  # Positioned in the left lane, assuming it's the oncoming traffic lane
    with behavior AdvBehavior()",1
"The ego vehicle follows a lead vehicle at a constant speed in the center of the lane until the lead vehicle suddenly performs an evasive swerve to an adjacent lane, revealing a stationary passenger car target directly in the ego vehicle's path, the ego vehicle should detect the obstacle and brake to a full stop without collision",Car,"The lead vehicle suddenly performs an evasive swerve to an adjacent lane, revealing a stationary car.","behavior AdvBehavior():
    while (distance to self) > 60:
        wait  # The adversarial car waits until it is within 60 meters of the ego vehicle.

    do FollowLaneBehavior(globalParameters.OPT_ADV_SPEED) until (
        distance to self < globalParameters.OPT_ADV_DISTANCE)

    while True:
        take SetSteerAction(globalParameters.OPT_ADV_STEER)  # Adjust steering dynamically.

        # Wait for a dynamically determined duration before changing steering again.
        for _ in range(globalParameters.OPT_WAIT_STEER):
            wait

param OPT_ADV_SPEED = Range(0, 20)  # Controls the initial speed of the adversarial car.
param OPT_ADV_DISTANCE = Range(0, 20)  # Specifies the distance at which the car begins its maneuver.
param OPT_ADV_STEER = Range(-1, 1)  # Range for steering actions.
param OPT_WAIT_STEER = Range(5, 20)  # Variable wait time before changing steering.",A straight road with multiple lanes.,"# Identifying lane sections with a right lane moving in the same forward direction
laneSecsWithRightLane = []
for lane in network.lanes:
    for laneSec in lane.sections:
        if laneSec._laneToRight is not None and laneSec._laneToRight.isForward == laneSec.isForward:
            laneSecsWithRightLane.append(laneSec)

# Selecting a random lane section from identified sections for the ego vehicle
egoLaneSec = Uniform(*laneSecsWithRightLane)
egoSpawnPt = OrientedPoint in egoLaneSec.centerline

# Ego vehicle setup
ego = Car at egoSpawnPt,
    with regionContainedIn None,
    with blueprint EGO_MODEL","The stationary adversarial car is directly in front of the ego vehicle, initially obscured by the lead vehicle.","# Setup the leading vehicle's spawn point directly in front of the ego to simulate a slow-moving vehicle
param OPT_LEADING_DISTANCE = Range(0, 30)
param OPT_LEADING_SPEED = Range(1, 5)
LeadingSpawnPt = OrientedPoint following roadDirection from egoSpawnPt for globalParameters.OPT_LEADING_DISTANCE
LeadingAgent = Car at LeadingSpawnPt,
    with behavior FollowLaneBehavior(target_speed=globalParameters.OPT_LEADING_SPEED)

# Identifying the adjacent lane for the Adversarial Agent and setting its spawn point further in front
param OPT_GEO_Y_DISTANCE = Range(0, 30)
advLane = network.laneSectionAt(ego)._laneToRight.lane
IntSpawnPt = OrientedPoint following roadDirection from egoSpawnPt for globalParameters.OPT_GEO_Y_DISTANCE
projectPt = Vector(*advLane.centerline.project(IntSpawnPt.position).coords[0])
advHeading = advLane.orientation[projectPt]

# Spawn the Adversarial Agent
AdvAgent = {AdvObject} at projectPt,
    with heading advHeading,
    with regionContainedIn None,
    with behavior AdvBehavior()",1
"The ego vehicle follows a lead vehicle in the center of the lane until the lead vehicle performs a sudden evasive maneuver to an adjacent lane, revealing a slow-moving target motorcycle traveling at a significantly lower speed in the same path. The ego vehicle should detect the speed differential and decelerate or brake to maintain a safe distance and avoid a collision",Motorcycle,The adversarial motorcycle is traveling at a significantly lower speed in the same path as the ego vehicle.,"param OPT_ADV_SPEED = Range(5, 10)
param OPT_ADV_DISTANCE = Range(0, 20)

behavior AdvBehavior():
    do FollowLaneBehavior(target_speed=globalParameters.OPT_ADV_SPEED) until (distance to self) < globalParameters.OPT_ADV_DISTANCE
    while True:
        take SetVelocityAction(*LeadingAgent.velocity)",A straight road with multiple lanes.,"# Identifying lane sections with a right lane moving in the same forward direction
laneSecsWithRightLane = []
for lane in network.lanes:
    for laneSec in lane.sections:
        if laneSec._laneToRight is not None and laneSec._laneToRight.isForward == laneSec.isForward:
            laneSecsWithRightLane.append(laneSec)

# Selecting a random lane section from identified sections for the ego vehicle
egoLaneSec = Uniform(*laneSecsWithRightLane)
egoSpawnPt = OrientedPoint in egoLaneSec.centerline

# Ego vehicle setup
ego = Car at egoSpawnPt,
    with regionContainedIn None,
    with blueprint EGO_MODEL","The adversarial motorcycle is directly in front of the ego vehicle, initially obscured by the lead vehicle in the same lane.","# Setup the leading vehicle's spawn point directly in front of the ego to simulate a slow-moving vehicle
param OPT_LEADING_DISTANCE = Range(0, 30)
param OPT_LEADING_SPEED = Range(1, 5)
LeadingSpawnPt = OrientedPoint following roadDirection from egoSpawnPt for globalParameters.OPT_LEADING_DISTANCE
LeadingAgent = Car at LeadingSpawnPt,
    with behavior FollowLaneBehavior(target_speed=globalParameters.OPT_LEADING_SPEED)

# Identifying the adjacent lane for the Adversarial Agent and setting its spawn point further in front
param OPT_GEO_Y_DISTANCE = Range(0, 30)
advLane = network.laneSectionAt(ego)._laneToRight.lane
IntSpawnPt = OrientedPoint following roadDirection from egoSpawnPt for globalParameters.OPT_GEO_Y_DISTANCE
projectPt = Vector(*advLane.centerline.project(IntSpawnPt.position).coords[0])
advHeading = advLane.orientation[projectPt]

# Spawn the Adversarial Agent
AdvAgent = {AdvObject} at projectPt,
    with heading advHeading,
    with regionContainedIn None,
    with behavior AdvBehavior()",1
